{"mean":{"confidence_interval":{"confidence_level":0.95,"lower_bound":103336273.28375,"upper_bound":105211502.9365},"point_estimate":104232721.56,"standard_error":478847.15849591163},"median":{"confidence_interval":{"confidence_level":0.95,"lower_bound":101687682.0,"upper_bound":103365428.0},"point_estimate":102234196.0,"standard_error":409256.22717128834},"median_abs_dev":{"confidence_interval":{"confidence_level":0.95,"lower_bound":1593462.1280103922,"upper_bound":3832610.314205057},"point_estimate":2524924.0939736366,"standard_error":557270.3357315247},"slope":null,"std_dev":{"confidence_interval":{"confidence_level":0.95,"lower_bound":3608892.9176906436,"upper_bound":5902648.84242666},"point_estimate":4824111.039225214,"standard_error":587333.6066316214}}