{"mean":{"confidence_interval":{"confidence_level":0.95,"lower_bound":3952280.398846155,"upper_bound":3973277.8823269224},"point_estimate":3962259.757692307,"standard_error":5359.476516464903},"median":{"confidence_interval":{"confidence_level":0.95,"lower_bound":3944698.4615384615,"upper_bound":3968968.3846153845},"point_estimate":3957470.576923077,"standard_error":6197.678819750432},"median_abs_dev":{"confidence_interval":{"confidence_level":0.95,"lower_bound":35867.05856323242,"upper_bound":57316.459636275824},"point_estimate":49212.3400878448,"standard_error":5260.440379715258},"slope":null,"std_dev":{"confidence_interval":{"confidence_level":0.95,"lower_bound":38707.790491964945,"upper_bound":72208.7181138071},"point_estimate":53989.39349825491,"standard_error":9349.452580931005}}