{"mean":{"confidence_interval":{"confidence_level":0.95,"lower_bound":348355019.121,"upper_bound":349398449.63874996},"point_estimate":348843302.98,"standard_error":266343.91198154946},"median":{"confidence_interval":{"confidence_level":0.95,"lower_bound":347844172.5,"upper_bound":348807421.0},"point_estimate":348341453.0,"standard_error":229691.44703419667},"median_abs_dev":{"confidence_interval":{"confidence_level":0.95,"lower_bound":1314505.7538628578,"upper_bound":2243853.5322636366},"point_estimate":1705330.9677243233,"standard_error":238223.7328545304},"slope":null,"std_dev":{"confidence_interval":{"confidence_level":0.95,"lower_bound":1818859.7226900847,"upper_bound":3470589.353730389},"point_estimate":2681765.247275033,"standard_error":426206.8122012972}}