{"mean":{"confidence_interval":{"confidence_level":0.95,"lower_bound":500114561.868,"upper_bound":505762937.552},"point_estimate":502797142.27,"standard_error":1450181.652445948},"median":{"confidence_interval":{"confidence_level":0.95,"lower_bound":495814689.5,"upper_bound":497658142.0},"point_estimate":496414620.0,"standard_error":541702.0030152873},"median_abs_dev":{"confidence_interval":{"confidence_level":0.95,"lower_bound":3627485.157781766,"upper_bound":8628800.046408176},"point_estimate":5226600.791609287,"standard_error":1343520.6406538088},"slope":null,"std_dev":{"confidence_interval":{"confidence_level":0.95,"lower_bound":10578881.342326226,"upper_bound":18230048.970211495},"point_estimate":14632389.777825475,"standard_error":1957711.4561559719}}