{"mean":{"confidence_interval":{"confidence_level":0.95,"lower_bound":17871048.191,"upper_bound":17974354.289249994},"point_estimate":17921048.97,"standard_error":26284.961080770037},"median":{"confidence_interval":{"confidence_level":0.95,"lower_bound":17829463.0,"upper_bound":17948056.666666668},"point_estimate":17867983.0,"standard_error":33137.38797190365},"median_abs_dev":{"confidence_interval":{"confidence_level":0.95,"lower_bound":178372.34413325787,"upper_bound":264469.1485047368},"point_estimate":224386.06981635187,"standard_error":21931.301111867833},"slope":null,"std_dev":{"confidence_interval":{"confidence_level":0.95,"lower_bound":207541.375540971,"upper_bound":317264.04999810195},"point_estimate":263764.2612442952,"standard_error":28048.291917090464}}