{"mean":{"confidence_interval":{"confidence_level":0.95,"lower_bound":452184062.56,"upper_bound":453697929.36},"point_estimate":452926760.57,"standard_error":388132.1081194628},"median":{"confidence_interval":{"confidence_level":0.95,"lower_bound":451566477.5,"upper_bound":453063567.0},"point_estimate":452026018.5,"standard_error":351787.2579335304},"median_abs_dev":{"confidence_interval":{"confidence_level":0.95,"lower_bound":2734796.4984476566,"upper_bound":4355344.98667717},"point_estimate":3644278.178501129,"standard_error":402333.3318422356},"slope":null,"std_dev":{"confidence_interval":{"confidence_level":0.95,"lower_bound":3286643.9049855806,"upper_bound":4454234.976081811},"point_estimate":3896561.0187141765,"standard_error":297700.1422248313}}