{"mean":{"confidence_interval":{"confidence_level":0.95,"lower_bound":754656420.19875,"upper_bound":757357312.6917499},"point_estimate":755949148.12,"standard_error":687164.9449996174},"median":{"confidence_interval":{"confidence_level":0.95,"lower_bound":753716534.0,"upper_bound":756681076.0},"point_estimate":755345313.0,"standard_error":802292.2722053401},"median_abs_dev":{"confidence_interval":{"confidence_level":0.95,"lower_bound":4327539.565470815,"upper_bound":6562120.917499065},"point_estimate":5563898.957321048,"standard_error":563868.8450029581},"slope":null,"std_dev":{"confidence_interval":{"confidence_level":0.95,"lower_bound":5131874.919658051,"upper_bound":8769957.58645996},"point_estimate":6892183.161716962,"standard_error":953418.2096831977}}