{"mean":{"confidence_interval":{"confidence_level":0.95,"lower_bound":80951466.02974999,"upper_bound":82312753.82025},"point_estimate":81605374.11,"standard_error":348967.71830912697},"median":{"confidence_interval":{"confidence_level":0.95,"lower_bound":79864433.0,"upper_bound":80542666.0},"point_estimate":80083905.5,"standard_error":178154.0074688972},"median_abs_dev":{"confidence_interval":{"confidence_level":0.95,"lower_bound":794249.5622992516,"upper_bound":1668040.6131863594},"point_estimate":1067866.3526415825,"standard_error":233023.86857216788},"slope":null,"std_dev":{"confidence_interval":{"confidence_level":0.95,"lower_bound":2842055.93853923,"upper_bound":4014944.5038400707},"point_estimate":3500358.902490388,"standard_error":300195.3832602723}}