{"mean":{"confidence_interval":{"confidence_level":0.95,"lower_bound":19131119.241750002,"upper_bound":19262920.986166667},"point_estimate":19195409.16000001,"standard_error":33628.69821271308},"median":{"confidence_interval":{"confidence_level":0.95,"lower_bound":19029674.666666668,"upper_bound":19232945.666666664},"point_estimate":19111733.0,"standard_error":55781.839528909215},"median_abs_dev":{"confidence_interval":{"confidence_level":0.95,"lower_bound":234972.32782840912,"upper_bound":402715.1714503784},"point_estimate":300281.59796893783,"standard_error":44909.33090013334},"slope":null,"std_dev":{"confidence_interval":{"confidence_level":0.95,"lower_bound":277486.1389483814,"upper_bound":401182.3273752927},"point_estimate":338606.7855304707,"standard_error":31966.17247562313}}