{"mean":{"confidence_interval":{"confidence_level":0.95,"lower_bound":761572.2940883876,"upper_bound":767607.5661205808},"point_estimate":764502.5327210362,"standard_error":1546.922488404183},"median":{"confidence_interval":{"confidence_level":0.95,"lower_bound":759541.375,"upper_bound":764912.9280030315},"point_estimate":761863.2142731742,"standard_error":1288.4740234939625},"median_abs_dev":{"confidence_interval":{"confidence_level":0.95,"lower_bound":10134.41711200606,"upper_bound":16704.76302260117},"point_estimate":14273.160563267425,"standard_error":1681.7758129113158},"slope":{"confidence_interval":{"confidence_level":0.95,"lower_bound":761955.2767036919,"upper_bound":770517.2878050266},"point_estimate":766132.5009457662,"standard_error":2187.807088104756},"std_dev":{"confidence_interval":{"confidence_level":0.95,"lower_bound":12822.11672134603,"upper_bound":18017.730995721093},"point_estimate":15629.324600525437,"standard_error":1325.8753702075624}}