{"mean":{"confidence_interval":{"confidence_level":0.95,"lower_bound":281306120.76199996,"upper_bound":283323684.35775},"point_estimate":282294151.79,"standard_error":515222.43692816794},"median":{"confidence_interval":{"confidence_level":0.95,"lower_bound":281139079.0,"upper_bound":282662604.5},"point_estimate":282118010.5,"standard_error":429913.3581135622},"median_abs_dev":{"confidence_interval":{"confidence_level":0.95,"lower_bound":2362578.6555558443,"upper_bound":4561189.167022705},"point_estimate":3226967.7987098694,"standard_error":542829.0292639615},"slope":null,"std_dev":{"confidence_interval":{"confidence_level":0.95,"lower_bound":4038346.644423803,"upper_bound":6234817.108225616},"point_estimate":5167901.04097353,"standard_error":563303.7246300726}}