{"mean":{"confidence_interval":{"confidence_level":0.95,"lower_bound":4019874.414333333,"upper_bound":4098697.2925625},"point_estimate":4055396.1558333333,"standard_error":20216.630465657643},"median":{"confidence_interval":{"confidence_level":0.95,"lower_bound":3992055.833333333,"upper_bound":4028079.3333333335},"point_estimate":4011787.541666667,"standard_error":8991.15085129655},"median_abs_dev":{"confidence_interval":{"confidence_level":0.95,"lower_bound":69404.45836782502,"upper_bound":115199.06812980724},"point_estimate":96436.82723790442,"standard_error":11874.24604493445},"slope":null,"std_dev":{"confidence_interval":{"confidence_level":0.95,"lower_bound":100034.68937051513,"upper_bound":279380.9692033708},"point_estimate":203099.08755281326,"standard_error":44334.05679872277}}