{"mean":{"confidence_interval":{"confidence_level":0.95,"lower_bound":12963742.19225,"upper_bound":13356322.878625},"point_estimate":13154501.615,"standard_error":100468.84288154736},"median":{"confidence_interval":{"confidence_level":0.95,"lower_bound":12645178.25,"upper_bound":12971679.75},"point_estimate":12752012.0,"standard_error":88631.16403321596},"median_abs_dev":{"confidence_interval":{"confidence_level":0.95,"lower_bound":366547.08331748843,"upper_bound":1071191.4537325501},"point_estimate":653527.473847568,"standard_error":183451.52441396992},"slope":null,"std_dev":{"confidence_interval":{"confidence_level":0.95,"lower_bound":840707.9230061185,"upper_bound":1162947.1579959744},"point_estimate":1006287.2249138262,"standard_error":82521.36722584255}}