{"mean":{"confidence_interval":{"confidence_level":0.95,"lower_bound":100984431.32525,"upper_bound":101642568.10575},"point_estimate":101276391.98,"standard_error":168631.4115934293},"median":{"confidence_interval":{"confidence_level":0.95,"lower_bound":100786463.5,"upper_bound":101356347.5},"point_estimate":101064354.5,"standard_error":176242.1702151393},"median_abs_dev":{"confidence_interval":{"confidence_level":0.95,"lower_bound":851603.9422810078,"upper_bound":1365232.170662284},"point_estimate":1166756.5121859312,"standard_error":131244.51917958827},"slope":null,"std_dev":{"confidence_interval":{"confidence_level":0.95,"lower_bound":944449.1685161735,"upper_bound":2529227.7480568453},"point_estimate":1697273.8191121772,"standard_error":487322.2089500042}}