{"mean":{"confidence_interval":{"confidence_level":0.95,"lower_bound":3967203.303903845,"upper_bound":3999348.395288462},"point_estimate":3982587.076923079,"standard_error":8216.37332002011},"median":{"confidence_interval":{"confidence_level":0.95,"lower_bound":3948882.307692308,"upper_bound":3988595.3846153845},"point_estimate":3975374.346153846,"standard_error":11200.331945240629},"median_abs_dev":{"confidence_interval":{"confidence_level":0.95,"lower_bound":48801.20371052847,"upper_bound":74442.20002454071},"point_estimate":59477.349097912025,"standard_error":6564.88650293744},"slope":null,"std_dev":{"confidence_interval":{"confidence_level":0.95,"lower_bound":60177.29431671518,"upper_bound":101190.61790263426},"point_estimate":82358.41989972278,"standard_error":10478.472892084814}}