{"mean":{"confidence_interval":{"confidence_level":0.95,"lower_bound":14530388.8920625,"upper_bound":14651018.129874999},"point_estimate":14586924.125,"standard_error":30776.92020233145},"median":{"confidence_interval":{"confidence_level":0.95,"lower_bound":14481100.75,"upper_bound":14550692.625},"point_estimate":14509674.875,"standard_error":16940.046114922658},"median_abs_dev":{"confidence_interval":{"confidence_level":0.95,"lower_bound":149692.55959242582,"upper_bound":269638.04798796773},"point_estimate":190642.15619042516,"standard_error":29738.73146091386},"slope":null,"std_dev":{"confidence_interval":{"confidence_level":0.95,"lower_bound":206492.6137768174,"upper_bound":406966.205654915},"point_estimate":310193.61402350833,"standard_error":52018.41421516806}}