{"mean":{"confidence_interval":{"confidence_level":0.95,"lower_bound":29633801.956375,"upper_bound":30996363.015249997},"point_estimate":30289991.795,"standard_error":346592.94540207635},"median":{"confidence_interval":{"confidence_level":0.95,"lower_bound":28374207.5,"upper_bound":28711808.5},"point_estimate":28516564.75,"standard_error":80916.99906550857},"median_abs_dev":{"confidence_interval":{"confidence_level":0.95,"lower_bound":458041.4782181382,"upper_bound":992822.3310738802},"point_estimate":694407.9442217946,"standard_error":128273.84549734577},"slope":null,"std_dev":{"confidence_interval":{"confidence_level":0.95,"lower_bound":2922015.0152124953,"upper_bound":3897874.441530622},"point_estimate":3482826.6845397647,"standard_error":249465.54125816553}}