{"mean":{"confidence_interval":{"confidence_level":0.95,"lower_bound":506162328.099,"upper_bound":508409082.384},"point_estimate":507190716.81,"standard_error":577274.2014892196},"median":{"confidence_interval":{"confidence_level":0.95,"lower_bound":505403672.0,"upper_bound":506955914.0},"point_estimate":506297901.0,"standard_error":488138.4157857151},"median_abs_dev":{"confidence_interval":{"confidence_level":0.95,"lower_bound":2378219.3439781666,"upper_bound":3963266.6422529495},"point_estimate":3242966.535025835,"standard_error":410462.44317889673},"slope":null,"std_dev":{"confidence_interval":{"confidence_level":0.95,"lower_bound":2945494.51101136,"upper_bound":8044424.750800273},"point_estimate":5841339.82814263,"standard_error":1264441.8020841193}}