{"mean":{"confidence_interval":{"confidence_level":0.95,"lower_bound":102606828.2865,"upper_bound":103917289.7815},"point_estimate":103233145.29,"standard_error":335396.3080427352},"median":{"confidence_interval":{"confidence_level":0.95,"lower_bound":101774515.0,"upper_bound":102589458.0},"point_estimate":102113680.5,"standard_error":202262.77169773847},"median_abs_dev":{"confidence_interval":{"confidence_level":0.95,"lower_bound":1252118.6882704496,"upper_bound":2062555.277082324},"point_estimate":1585162.5333577394,"standard_error":212520.21195410268},"slope":null,"std_dev":{"confidence_interval":{"confidence_level":0.95,"lower_bound":2512821.9876004453,"upper_bound":4090984.5893345834},"point_estimate":3371958.1935803993,"standard_error":403548.39870270627}}