{"mean":{"confidence_interval":{"confidence_level":0.95,"lower_bound":32338462.600625,"upper_bound":32597772.32925},"point_estimate":32463241.075,"standard_error":66121.90504173267},"median":{"confidence_interval":{"confidence_level":0.95,"lower_bound":32242851.0,"upper_bound":32455552.5},"point_estimate":32352164.75,"standard_error":61962.103690695025},"median_abs_dev":{"confidence_interval":{"confidence_level":0.95,"lower_bound":340744.098700583,"upper_bound":601787.3293161392},"point_estimate":467781.4187452197,"standard_error":65467.82377414982},"slope":null,"std_dev":{"confidence_interval":{"confidence_level":0.95,"lower_bound":508722.8184050822,"upper_bound":808113.090798825},"point_estimate":661733.9889568118,"standard_error":77047.79921698854}}