{"mean":{"confidence_interval":{"confidence_level":0.95,"lower_bound":36271561.793375,"upper_bound":36571217.879499994},"point_estimate":36406418.75,"standard_error":76945.88774711604},"median":{"confidence_interval":{"confidence_level":0.95,"lower_bound":36207843.75,"upper_bound":36374915.0},"point_estimate":36267726.25,"standard_error":43513.280042240774},"median_abs_dev":{"confidence_interval":{"confidence_level":0.95,"lower_bound":313831.5733283758,"upper_bound":495845.92429697514},"point_estimate":410881.455655396,"standard_error":44324.780521496345},"slope":null,"std_dev":{"confidence_interval":{"confidence_level":0.95,"lower_bound":445837.4388794944,"upper_bound":1117867.5432057297},"point_estimate":770812.5632390694,"standard_error":192706.32217762637}}