{"mean":{"confidence_interval":{"confidence_level":0.95,"lower_bound":227732504.4655,"upper_bound":228621707.47274998},"point_estimate":228162321.29,"standard_error":226844.55244347203},"median":{"confidence_interval":{"confidence_level":0.95,"lower_bound":227129355.0,"upper_bound":228314314.5},"point_estimate":227746761.5,"standard_error":282813.8308210966},"median_abs_dev":{"confidence_interval":{"confidence_level":0.95,"lower_bound":1494468.9277678728,"upper_bound":2547329.8860758543},"point_estimate":2048420.1689332724,"standard_error":279548.44036552764},"slope":null,"std_dev":{"confidence_interval":{"confidence_level":0.95,"lower_bound":1775762.9360250847,"upper_bound":2726548.72977497},"point_estimate":2271678.278695972,"standard_error":242776.39945627603}}