{"mean":{"confidence_interval":{"confidence_level":0.95,"lower_bound":6271314.8675,"upper_bound":6341999.1941875},"point_estimate":6301308.97125,"standard_error":18190.041167586092},"median":{"confidence_interval":{"confidence_level":0.95,"lower_bound":6246599.9375,"upper_bound":6289443.0},"point_estimate":6271534.4375,"standard_error":13247.159748344528},"median_abs_dev":{"confidence_interval":{"confidence_level":0.95,"lower_bound":64871.99581079185,"upper_bound":117335.09315438569},"point_estimate":95473.13725501299,"standard_error":12277.826489508898},"slope":null,"std_dev":{"confidence_interval":{"confidence_level":0.95,"lower_bound":87762.53582571023,"upper_bound":282767.9638404214},"point_estimate":182273.48668341085,"standard_error":62736.497682282294}}