{"mean":{"confidence_interval":{"confidence_level":0.95,"lower_bound":1418946213.865,"upper_bound":1427995398.71825},"point_estimate":1423029352.79,"standard_error":2329880.757155779},"median":{"confidence_interval":{"confidence_level":0.95,"lower_bound":1416858690.0,"upper_bound":1419789204.0},"point_estimate":1418355589.0,"standard_error":710166.0257744861},"median_abs_dev":{"confidence_interval":{"confidence_level":0.95,"lower_bound":7169295.347949567,"upper_bound":11251465.28494656},"point_estimate":9191233.242022991,"standard_error":984021.4130607179},"slope":null,"std_dev":{"confidence_interval":{"confidence_level":0.95,"lower_bound":11739143.12737289,"upper_bound":32726266.05357522},"point_estimate":23452496.54730714,"standard_error":5318203.627621093}}