{"mean":{"confidence_interval":{"confidence_level":0.95,"lower_bound":30596147.0885,"upper_bound":31016271.93925},"point_estimate":30795680.98,"standard_error":107281.20835957874},"median":{"confidence_interval":{"confidence_level":0.95,"lower_bound":30372178.0,"upper_bound":30535798.5},"point_estimate":30462964.25,"standard_error":38891.18181411949},"median_abs_dev":{"confidence_interval":{"confidence_level":0.95,"lower_bound":301482.62749761343,"upper_bound":510633.7470844388},"point_estimate":427092.9450675845,"standard_error":51378.475271334755},"slope":null,"std_dev":{"confidence_interval":{"confidence_level":0.95,"lower_bound":795782.603366363,"upper_bound":1304627.256901469},"point_estimate":1077483.065424778,"standard_error":129192.95165704316}}