{"mean":{"confidence_interval":{"confidence_level":0.95,"lower_bound":3907734.203461539,"upper_bound":3925452.1082115388},"point_estimate":3916425.2376923086,"standard_error":4511.982249553521},"median":{"confidence_interval":{"confidence_level":0.95,"lower_bound":3902522.076923077,"upper_bound":3928954.5384615385},"point_estimate":3909822.5384615385,"standard_error":7277.035857497218},"median_abs_dev":{"confidence_interval":{"confidence_level":0.95,"lower_bound":33050.1186132431,"upper_bound":50089.5260645792},"point_estimate":41786.68109659997,"standard_error":3994.3571291939234},"slope":null,"std_dev":{"confidence_interval":{"confidence_level":0.95,"lower_bound":36646.210742637995,"upper_bound":53180.806831337446},"point_estimate":45267.90973388967,"standard_error":4243.074014968383}}