{"mean":{"confidence_interval":{"confidence_level":0.95,"lower_bound":1203658108.18075,"upper_bound":1217557476.4177501},"point_estimate":1210144701.59,"standard_error":3551934.8913518293},"median":{"confidence_interval":{"confidence_level":0.95,"lower_bound":1195574023.5,"upper_bound":1199990668.0},"point_estimate":1198070302.5,"standard_error":1344049.4148061143},"median_abs_dev":{"confidence_interval":{"confidence_level":0.95,"lower_bound":5995528.287658095,"upper_bound":11374068.889769912},"point_estimate":8528863.912582397,"standard_error":1446584.5176208792},"slope":null,"std_dev":{"confidence_interval":{"confidence_level":0.95,"lower_bound":23597576.278060235,"upper_bound":45827809.26330939},"point_estimate":35755429.611707106,"standard_error":5669203.756795319}}