{"mean":{"confidence_interval":{"confidence_level":0.95,"lower_bound":18536742.65558333,"upper_bound":18788357.3745},"point_estimate":18660091.759999998,"standard_error":64096.23723440313},"median":{"confidence_interval":{"confidence_level":0.95,"lower_bound":18333947.0,"upper_bound":18489334.0},"point_estimate":18436427.166666664,"standard_error":32856.1777485917},"median_abs_dev":{"confidence_interval":{"confidence_level":0.95,"lower_bound":337457.55138642655,"upper_bound":632852.4936646242},"point_estimate":501361.44329905143,"standard_error":77899.24766160261},"slope":null,"std_dev":{"confidence_interval":{"confidence_level":0.95,"lower_bound":555065.2532287597,"upper_bound":720664.6756262922},"point_estimate":645588.0590708792,"standard_error":42471.28373680275}}