{"mean":{"confidence_interval":{"confidence_level":0.95,"lower_bound":199308.44264452637,"upper_bound":201996.92742997018},"point_estimate":200421.37063795398,"standard_error":698.6737956444953},"median":{"confidence_interval":{"confidence_level":0.95,"lower_bound":198262.45447183098,"upper_bound":200264.70661057692},"point_estimate":199087.42857142858,"standard_error":582.0810159902669},"median_abs_dev":{"confidence_interval":{"confidence_level":0.95,"lower_bound":2270.301662410291,"upper_bound":3592.7009457556414},"point_estimate":2935.903934800374,"standard_error":343.49990857582014},"slope":{"confidence_interval":{"confidence_level":0.95,"lower_bound":198771.69364771977,"upper_bound":200217.99709185178},"point_estimate":199433.99013624946,"standard_error":370.52654523056225},"std_dev":{"confidence_interval":{"confidence_level":0.95,"lower_bound":2755.6766340532445,"upper_bound":11104.803946700998},"point_estimate":6993.156624830801,"standard_error":2626.542989386342}}