{"mean":{"confidence_interval":{"confidence_level":0.95,"lower_bound":1160494737.386,"upper_bound":1178230083.92},"point_estimate":1168979038.45,"standard_error":4530773.266332964},"median":{"confidence_interval":{"confidence_level":0.95,"lower_bound":1146333306.5,"upper_bound":1151026865.0},"point_estimate":1148581771.5,"standard_error":1206247.4039745873},"median_abs_dev":{"confidence_interval":{"confidence_level":0.95,"lower_bound":7675193.967238069,"upper_bound":15132433.877545595},"point_estimate":11097366.808882356,"standard_error":1877337.3334109168},"slope":null,"std_dev":{"confidence_interval":{"confidence_level":0.95,"lower_bound":35904773.91998284,"upper_bound":52888148.23177969},"point_estimate":45396069.28124276,"standard_error":4346752.580178762}}