{"mean":{"confidence_interval":{"confidence_level":0.95,"lower_bound":986740825.56875,"upper_bound":994390041.8957499},"point_estimate":990226959.74,"standard_error":1973117.8601176625},"median":{"confidence_interval":{"confidence_level":0.95,"lower_bound":983069749.0,"upper_bound":986276310.0},"point_estimate":984425977.0,"standard_error":871521.7716357862},"median_abs_dev":{"confidence_interval":{"confidence_level":0.95,"lower_bound":4252934.393495321,"upper_bound":7674225.08815527},"point_estimate":5830451.900088787,"standard_error":878272.4200265027},"slope":null,"std_dev":{"confidence_interval":{"confidence_level":0.95,"lower_bound":10325644.442543274,"upper_bound":26994209.329370365},"point_estimate":19833770.800165102,"standard_error":4191490.867364239}}