{"mean":{"confidence_interval":{"confidence_level":0.95,"lower_bound":406914755.31675,"upper_bound":409013579.16050005},"point_estimate":407884585.22,"standard_error":534674.5907686902},"median":{"confidence_interval":{"confidence_level":0.95,"lower_bound":406085198.0,"upper_bound":407306658.0},"point_estimate":406794108.0,"standard_error":277507.213155012},"median_abs_dev":{"confidence_interval":{"confidence_level":0.95,"lower_bound":2111695.311909914,"upper_bound":3359456.6388577223},"point_estimate":2805168.8474982977,"standard_error":320145.2804507711},"slope":null,"std_dev":{"confidence_interval":{"confidence_level":0.95,"lower_bound":3251308.3163903854,"upper_bound":7111555.283327661},"point_estimate":5364865.059272763,"standard_error":985547.7562703042}}