{"mean":{"confidence_interval":{"confidence_level":0.95,"lower_bound":8535127.89525,"upper_bound":8652069.321708336},"point_estimate":8586771.84666667,"standard_error":29899.783982731857},"median":{"confidence_interval":{"confidence_level":0.95,"lower_bound":8478277.5,"upper_bound":8586793.833333334},"point_estimate":8532319.666666666,"standard_error":25030.42610949164},"median_abs_dev":{"confidence_interval":{"confidence_level":0.95,"lower_bound":137123.94186556432,"upper_bound":230106.6818147893},"point_estimate":192567.1269312501,"standard_error":23590.60623092252},"slope":null,"std_dev":{"confidence_interval":{"confidence_level":0.95,"lower_bound":166416.23867160286,"upper_bound":448501.93915030133},"point_estimate":300239.24299400405,"standard_error":87534.61377608373}}