{"mean":{"confidence_interval":{"confidence_level":0.95,"lower_bound":4246259.891624999,"upper_bound":4395899.961104168},"point_estimate":4316925.850833333,"standard_error":38341.735954652744},"median":{"confidence_interval":{"confidence_level":0.95,"lower_bound":4137497.75,"upper_bound":4231289.916666667},"point_estimate":4175963.75,"standard_error":27297.25488578729},"median_abs_dev":{"confidence_interval":{"confidence_level":0.95,"lower_bound":98821.21864557266,"upper_bound":190847.92871177243},"point_estimate":139816.83761775505,"standard_error":26120.785952784063},"slope":null,"std_dev":{"confidence_interval":{"confidence_level":0.95,"lower_bound":268559.12808298395,"upper_bound":485894.41298692935},"point_estimate":385419.21553697233,"standard_error":55473.50631346251}}