{"mean":{"confidence_interval":{"confidence_level":0.95,"lower_bound":8920096.550833337,"upper_bound":9154513.723166665},"point_estimate":9029182.895000003,"standard_error":59958.79432991691},"median":{"confidence_interval":{"confidence_level":0.95,"lower_bound":8804895.25,"upper_bound":8899424.666666668},"point_estimate":8848876.416666666,"standard_error":25044.081757557775},"median_abs_dev":{"confidence_interval":{"confidence_level":0.95,"lower_bound":158957.07972794725,"upper_bound":291099.23858195543},"point_estimate":205059.14365947247,"standard_error":34272.26002641523},"slope":null,"std_dev":{"confidence_interval":{"confidence_level":0.95,"lower_bound":386614.76835774735,"upper_bound":781560.6492868519},"point_estimate":601183.5203044367,"standard_error":100539.55614228519}}