{"mean":{"confidence_interval":{"confidence_level":0.95,"lower_bound":1909730.4253419114,"upper_bound":1925908.9766529293},"point_estimate":1917225.6733858695,"standard_error":4119.165941184389},"median":{"confidence_interval":{"confidence_level":0.95,"lower_bound":1902703.8245614036,"upper_bound":1911870.16},"point_estimate":1907160.7722580645,"standard_error":2691.562070497135},"median_abs_dev":{"confidence_interval":{"confidence_level":0.95,"lower_bound":16744.30139667784,"upper_bound":27755.585148603448},"point_estimate":22942.703056147064,"standard_error":3020.3258458110613},"slope":{"confidence_interval":{"confidence_level":0.95,"lower_bound":1905851.3904034372,"upper_bound":1920250.5176957755},"point_estimate":1912475.6368375942,"standard_error":3676.5191992004925},"std_dev":{"confidence_interval":{"confidence_level":0.95,"lower_bound":25477.641125037233,"upper_bound":55194.591429207234},"point_estimate":41251.36685530506,"standard_error":7606.567411135462}}