{"mean":{"confidence_interval":{"confidence_level":0.95,"lower_bound":1484912299.8895001,"upper_bound":1498002205.2207499},"point_estimate":1490752825.66,"standard_error":3370262.8770619696},"median":{"confidence_interval":{"confidence_level":0.95,"lower_bound":1479987221.5,"upper_bound":1485843301.5},"point_estimate":1482403098.0,"standard_error":1516224.1346172579},"median_abs_dev":{"confidence_interval":{"confidence_level":0.95,"lower_bound":6532508.948224783,"upper_bound":11864191.2368685},"point_estimate":8862680.93355596,"standard_error":1371214.936027973},"slope":null,"std_dev":{"confidence_interval":{"confidence_level":0.95,"lower_bound":16090924.621691694,"upper_bound":47187928.64099912},"point_estimate":33833741.99272799,"standard_error":8044437.904734266}}