{"mean":{"confidence_interval":{"confidence_level":0.95,"lower_bound":407829218.56,"upper_bound":408903881.90775},"point_estimate":408344721.45,"standard_error":273228.70868971344},"median":{"confidence_interval":{"confidence_level":0.95,"lower_bound":407390256.0,"upper_bound":408547009.0},"point_estimate":407941303.0,"standard_error":302312.3097517526},"median_abs_dev":{"confidence_interval":{"confidence_level":0.95,"lower_bound":1752026.1951953173,"upper_bound":2924466.2543803453},"point_estimate":2295008.420455456,"standard_error":308928.1838497638},"slope":null,"std_dev":{"confidence_interval":{"confidence_level":0.95,"lower_bound":2072016.738367945,"upper_bound":3464811.8718475997},"point_estimate":2741731.7198966644,"standard_error":365647.5861443727}}