{"mean":{"confidence_interval":{"confidence_level":0.95,"lower_bound":570656955.00225,"upper_bound":572739900.3842499},"point_estimate":571691348.41,"standard_error":530964.9513459755},"median":{"confidence_interval":{"confidence_level":0.95,"lower_bound":569751277.0,"upper_bound":572771594.0},"point_estimate":570801091.5,"standard_error":768852.247719417},"median_abs_dev":{"confidence_interval":{"confidence_level":0.95,"lower_bound":4539306.732711196,"upper_bound":6742527.8521087},"point_estimate":5897642.589595914,"standard_error":583290.9785378119},"slope":null,"std_dev":{"confidence_interval":{"confidence_level":0.95,"lower_bound":4540914.69553013,"upper_bound":6134467.818025598},"point_estimate":5355489.883380657,"standard_error":407347.63433552993}}