{"mean":{"confidence_interval":{"confidence_level":0.95,"lower_bound":4368978.6948333355,"upper_bound":4460993.964020834},"point_estimate":4411214.1175,"standard_error":23577.21588464518},"median":{"confidence_interval":{"confidence_level":0.95,"lower_bound":4346425.25,"upper_bound":4386974.833333333},"point_estimate":4374542.291666666,"standard_error":8976.191635928084},"median_abs_dev":{"confidence_interval":{"confidence_level":0.95,"lower_bound":68384.7384609282,"upper_bound":128018.24525222182},"point_estimate":100338.04196864252,"standard_error":15027.576202993081},"slope":null,"std_dev":{"confidence_interval":{"confidence_level":0.95,"lower_bound":139254.6473491053,"upper_bound":318488.36771476694},"point_estimate":238109.65092735633,"standard_error":46700.23191797203}}