{"mean":{"confidence_interval":{"confidence_level":0.95,"lower_bound":447754334.61,"upper_bound":449006948.85},"point_estimate":448360734.5,"standard_error":319312.53838094784},"median":{"confidence_interval":{"confidence_level":0.95,"lower_bound":446954961.5,"upper_bound":448543814.0},"point_estimate":447661040.0,"standard_error":374393.29884958384},"median_abs_dev":{"confidence_interval":{"confidence_level":0.95,"lower_bound":1918488.0724400282,"upper_bound":3146587.158536911},"point_estimate":2343496.852594614,"standard_error":309122.18175198324},"slope":null,"std_dev":{"confidence_interval":{"confidence_level":0.95,"lower_bound":2567119.247626565,"upper_bound":3797260.082289996},"point_estimate":3209496.39504722,"standard_error":314944.04116628214}}