{"mean":{"confidence_interval":{"confidence_level":0.95,"lower_bound":30301404.678875003,"upper_bound":30476969.37025},"point_estimate":30385754.08,"standard_error":44568.86455823515},"median":{"confidence_interval":{"confidence_level":0.95,"lower_bound":30213477.0,"upper_bound":30432929.0},"point_estimate":30318815.0,"standard_error":62037.98298194512},"median_abs_dev":{"confidence_interval":{"confidence_level":0.95,"lower_bound":311272.9764238,"upper_bound":503664.04460817575},"point_estimate":398720.05872130394,"standard_error":49209.523426442945},"slope":null,"std_dev":{"confidence_interval":{"confidence_level":0.95,"lower_bound":347227.0006525851,"upper_bound":549845.7680317498},"point_estimate":447859.82272379095,"standard_error":52453.74314598974}}