{"mean":{"confidence_interval":{"confidence_level":0.95,"lower_bound":78646.69643703337,"upper_bound":79690.60388909547},"point_estimate":79098.48372456436,"standard_error":268.1556254613007},"median":{"confidence_interval":{"confidence_level":0.95,"lower_bound":78422.05237315876,"upper_bound":79091.341191067},"point_estimate":78809.45891608391,"standard_error":176.7540784113901},"median_abs_dev":{"confidence_interval":{"confidence_level":0.95,"lower_bound":1125.7022690193007,"upper_bound":1997.5683698589319},"point_estimate":1556.451279911828,"standard_error":221.79387710906607},"slope":{"confidence_interval":{"confidence_level":0.95,"lower_bound":78019.32277426761,"upper_bound":78524.86701693526},"point_estimate":78269.17689443112,"standard_error":128.5145202659167},"std_dev":{"confidence_interval":{"confidence_level":0.95,"lower_bound":1347.0555756534213,"upper_bound":4110.660530527875},"point_estimate":2685.3972367197566,"standard_error":867.9870661934294}}