{"mean":{"confidence_interval":{"confidence_level":0.95,"lower_bound":20827434.41191667,"upper_bound":21011644.04675},"point_estimate":20915777.709999997,"standard_error":47083.808035053225},"median":{"confidence_interval":{"confidence_level":0.95,"lower_bound":20704393.666666668,"upper_bound":20842444.0},"point_estimate":20792571.5,"standard_error":34754.74559823045},"median_abs_dev":{"confidence_interval":{"confidence_level":0.95,"lower_bound":226100.202485919,"upper_bound":400697.3528861964},"point_estimate":301499.05964731984,"standard_error":44234.001781197585},"slope":null,"std_dev":{"confidence_interval":{"confidence_level":0.95,"lower_bound":362354.2046064427,"upper_bound":571129.0709737847},"point_estimate":473243.920369179,"standard_error":53329.77427788028}}