{"mean":{"confidence_interval":{"confidence_level":0.95,"lower_bound":9982640.971950006,"upper_bound":10064707.032000003},"point_estimate":10021762.602000004,"standard_error":20918.235323291494},"median":{"confidence_interval":{"confidence_level":0.95,"lower_bound":9958388.0,"upper_bound":10028596.5},"point_estimate":9984412.8,"standard_error":16733.289725044302},"median_abs_dev":{"confidence_interval":{"confidence_level":0.95,"lower_bound":140769.75404083784,"upper_bound":215573.67224930113},"point_estimate":192696.63203895037,"standard_error":19999.663279528577},"slope":null,"std_dev":{"confidence_interval":{"confidence_level":0.95,"lower_bound":157392.81014701314,"upper_bound":270591.5829012552},"point_estimate":210733.00400349958,"standard_error":30439.465832540172}}