{"mean":{"confidence_interval":{"confidence_level":0.95,"lower_bound":451982870.074,"upper_bound":454308486.44},"point_estimate":453043748.74,"standard_error":597306.2631691906},"median":{"confidence_interval":{"confidence_level":0.95,"lower_bound":451038420.0,"upper_bound":452586038.0},"point_estimate":451838528.0,"standard_error":449130.7434367962},"median_abs_dev":{"confidence_interval":{"confidence_level":0.95,"lower_bound":2096311.854583025,"upper_bound":3546517.7601367235},"point_estimate":2798239.916521311,"standard_error":371536.3683177623},"slope":null,"std_dev":{"confidence_interval":{"confidence_level":0.95,"lower_bound":3084414.1048345063,"upper_bound":8291363.50416069},"point_estimate":6011571.897208209,"standard_error":1292151.7850269407}}