{"mean":{"confidence_interval":{"confidence_level":0.95,"lower_bound":28426099.284375,"upper_bound":28689382.77675},"point_estimate":28550094.375,"standard_error":67101.04547741312},"median":{"confidence_interval":{"confidence_level":0.95,"lower_bound":28249740.0,"upper_bound":28544278.0},"point_estimate":28429564.25,"standard_error":67396.4977037588},"median_abs_dev":{"confidence_interval":{"confidence_level":0.95,"lower_bound":357720.23904919624,"upper_bound":604161.5093164884},"point_estimate":452543.997515738,"standard_error":60962.33615186524},"slope":null,"std_dev":{"confidence_interval":{"confidence_level":0.95,"lower_bound":469656.3380520842,"upper_bound":871875.3362757281},"point_estimate":674230.8851160338,"standard_error":103710.502411861}}