{"mean":{"confidence_interval":{"confidence_level":0.95,"lower_bound":30279277.405249998,"upper_bound":30530012.04},"point_estimate":30394605.81,"standard_error":64168.18490475984},"median":{"confidence_interval":{"confidence_level":0.95,"lower_bound":30173262.5,"upper_bound":30315321.5},"point_estimate":30234647.0,"standard_error":37920.82655910478},"median_abs_dev":{"confidence_interval":{"confidence_level":0.95,"lower_bound":224129.82712090015,"upper_bound":399289.0435262023},"point_estimate":318585.90079396963,"standard_error":45010.50122315841},"slope":null,"std_dev":{"confidence_interval":{"confidence_level":0.95,"lower_bound":380876.52453568,"upper_bound":896866.9953200034},"point_estimate":646895.4880391093,"standard_error":134911.83466655225}}