{"mean":{"confidence_interval":{"confidence_level":0.95,"lower_bound":4334126.291624999,"upper_bound":4364687.3540624995},"point_estimate":4348006.935833334,"standard_error":7809.850816227931},"median":{"confidence_interval":{"confidence_level":0.95,"lower_bound":4331913.708333334,"upper_bound":4357154.333333333},"point_estimate":4342740.041666666,"standard_error":6130.075951781414},"median_abs_dev":{"confidence_interval":{"confidence_level":0.95,"lower_bound":40171.16520369447,"upper_bound":69591.94548949599},"point_estimate":53744.681470840245,"standard_error":7715.950022507293},"slope":null,"std_dev":{"confidence_interval":{"confidence_level":0.95,"lower_bound":49027.970777277005,"upper_bound":113657.60425532151},"point_estimate":78842.11377236669,"standard_error":19738.20760289547}}