{"mean":{"confidence_interval":{"confidence_level":0.95,"lower_bound":3777323.6644642884,"upper_bound":3807173.905482142},"point_estimate":3790808.283571428,"standard_error":7641.615028649782},"median":{"confidence_interval":{"confidence_level":0.95,"lower_bound":3769635.5,"upper_bound":3798878.0714285714},"point_estimate":3783905.5,"standard_error":8233.72784278383},"median_abs_dev":{"confidence_interval":{"confidence_level":0.95,"lower_bound":37355.377136809686,"upper_bound":59248.03079813753},"point_estimate":49187.795726742115,"standard_error":5566.420385126801},"slope":null,"std_dev":{"confidence_interval":{"confidence_level":0.95,"lower_bound":45998.26891230563,"upper_bound":110404.80730941596},"point_estimate":76829.38273903188,"standard_error":18604.88183776395}}