{"mean":{"confidence_interval":{"confidence_level":0.95,"lower_bound":76058033.42050001,"upper_bound":79500505.561},"point_estimate":77306970.18,"standard_error":1002110.985285557},"median":{"confidence_interval":{"confidence_level":0.95,"lower_bound":75826451.0,"upper_bound":76503029.5},"point_estimate":76108933.5,"standard_error":169124.8980115377},"median_abs_dev":{"confidence_interval":{"confidence_level":0.95,"lower_bound":920504.8108577728,"upper_bound":1791114.9435013533},"point_estimate":1287343.0397450924,"standard_error":238187.145328304},"slope":null,"std_dev":{"confidence_interval":{"confidence_level":0.95,"lower_bound":1323414.4622554537,"upper_bound":17138480.497934718},"point_estimate":10081995.148015475,"standard_error":5513443.238122682}}