{"mean":{"confidence_interval":{"confidence_level":0.95,"lower_bound":481857824.19075,"upper_bound":484441311.74724996},"point_estimate":483046614.71,"standard_error":660947.8733762221},"median":{"confidence_interval":{"confidence_level":0.95,"lower_bound":480679027.0,"upper_bound":482042278.0},"point_estimate":481169106.5,"standard_error":373213.734027138},"median_abs_dev":{"confidence_interval":{"confidence_level":0.95,"lower_bound":2114522.630059719,"upper_bound":3835804.1125358585},"point_estimate":2825411.5262389183,"standard_error":442627.42718072346},"slope":null,"std_dev":{"confidence_interval":{"confidence_level":0.95,"lower_bound":3636677.904318016,"upper_bound":8934805.072662802},"point_estimate":6620383.001131245,"standard_error":1311883.242528613}}