{"mean":{"confidence_interval":{"confidence_level":0.95,"lower_bound":6313680.23446875,"upper_bound":6364107.975},"point_estimate":6337795.0025,"standard_error":12908.41440057287},"median":{"confidence_interval":{"confidence_level":0.95,"lower_bound":6296642.5,"upper_bound":6338010.375},"point_estimate":6318795.3125,"standard_error":11725.32912349382},"median_abs_dev":{"confidence_interval":{"confidence_level":0.95,"lower_bound":69511.6464849841,"upper_bound":126500.89684166014},"point_estimate":101914.38550315797,"standard_error":14799.054806581007},"slope":null,"std_dev":{"confidence_interval":{"confidence_level":0.95,"lower_bound":98291.66119845374,"upper_bound":158036.86103072957},"point_estimate":129526.79337528207,"standard_error":15289.56121614019}}