{"mean":{"confidence_interval":{"confidence_level":0.95,"lower_bound":6753220.86646875,"upper_bound":6857103.5775625},"point_estimate":6797563.58375,"standard_error":26804.807420444315},"median":{"confidence_interval":{"confidence_level":0.95,"lower_bound":6732694.75,"upper_bound":6790507.375},"point_estimate":6759844.75,"standard_error":15151.475667142688},"median_abs_dev":{"confidence_interval":{"confidence_level":0.95,"lower_bound":90716.58588945866,"upper_bound":135787.81041428447},"point_estimate":117255.21808080375,"standard_error":11364.824256649797},"slope":null,"std_dev":{"confidence_interval":{"confidence_level":0.95,"lower_bound":108880.06284985281,"upper_bound":419037.3499904147},"point_estimate":269058.0122441176,"standard_error":89763.69368942817}}