{"mean":{"confidence_interval":{"confidence_level":0.95,"lower_bound":426767957.5175,"upper_bound":428034744.5035},"point_estimate":427387051.87,"standard_error":323471.96467742784},"median":{"confidence_interval":{"confidence_level":0.95,"lower_bound":426335605.5,"upper_bound":427044094.0},"point_estimate":426673430.5,"standard_error":184727.70775430853},"median_abs_dev":{"confidence_interval":{"confidence_level":0.95,"lower_bound":1676363.929438591,"upper_bound":3326914.755515455},"point_estimate":2566775.6673306227,"standard_error":391615.0141764825},"slope":null,"std_dev":{"confidence_interval":{"confidence_level":0.95,"lower_bound":2642154.4485320486,"upper_bound":3797095.007431177},"point_estimate":3248940.1432172046,"standard_error":295067.16018519725}}