{"mean":{"confidence_interval":{"confidence_level":0.95,"lower_bound":1957520.666979447,"upper_bound":1980006.560679495},"point_estimate":1967421.8302808502,"standard_error":5784.7311890291685},"median":{"confidence_interval":{"confidence_level":0.95,"lower_bound":1947396.8181818181,"upper_bound":1962112.6071698114},"point_estimate":1953496.721532091,"standard_error":3054.546273181261},"median_abs_dev":{"confidence_interval":{"confidence_level":0.95,"lower_bound":17517.907885731114,"upper_bound":28442.333482088114},"point_estimate":21449.808806917314,"standard_error":2837.0164934044296},"slope":{"confidence_interval":{"confidence_level":0.95,"lower_bound":1950972.701312702,"upper_bound":1965726.8663074556},"point_estimate":1957717.440295552,"standard_error":3768.0251647631553},"std_dev":{"confidence_interval":{"confidence_level":0.95,"lower_bound":27404.202840847316,"upper_bound":87193.17268657076},"point_estimate":58277.39787344049,"standard_error":16543.87870373061}}