{"mean":{"confidence_interval":{"confidence_level":0.95,"lower_bound":60476854.4415,"upper_bound":60982626.63},"point_estimate":60697614.94,"standard_error":130327.91750054577},"median":{"confidence_interval":{"confidence_level":0.95,"lower_bound":60316923.0,"upper_bound":60511276.0},"point_estimate":60385497.0,"standard_error":52029.95726210199},"median_abs_dev":{"confidence_interval":{"confidence_level":0.95,"lower_bound":364160.65333485603,"upper_bound":719613.2557243109},"point_estimate":537443.9730584621,"standard_error":83335.28744016022},"slope":null,"std_dev":{"confidence_interval":{"confidence_level":0.95,"lower_bound":631546.7871216523,"upper_bound":1982041.2147077043},"point_estimate":1306196.6250445042,"standard_error":390484.1703858347}}