{"mean":{"confidence_interval":{"confidence_level":0.95,"lower_bound":4624763.302020836,"upper_bound":4915010.434812502},"point_estimate":4764971.701666667,"standard_error":74202.0539906412},"median":{"confidence_interval":{"confidence_level":0.95,"lower_bound":4358967.916666667,"upper_bound":4429856.333333333},"point_estimate":4389788.583333334,"standard_error":15126.263513367165},"median_abs_dev":{"confidence_interval":{"confidence_level":0.95,"lower_bound":99352.66741676263,"upper_bound":207207.80167132686},"point_estimate":142514.73714485834,"standard_error":26942.108733483838},"slope":null,"std_dev":{"confidence_interval":{"confidence_level":0.95,"lower_bound":628169.0231095863,"upper_bound":835738.5467649107},"point_estimate":748382.0236891602,"standard_error":53290.8800862818}}