{"mean":{"confidence_interval":{"confidence_level":0.95,"lower_bound":122111.16802475408,"upper_bound":122781.37053723383},"point_estimate":122443.1633705846,"standard_error":171.7605809676763},"median":{"confidence_interval":{"confidence_level":0.95,"lower_bound":121883.05166666667,"upper_bound":122771.83354241338},"point_estimate":122498.34923245614,"standard_error":258.4338825277025},"median_abs_dev":{"confidence_interval":{"confidence_level":0.95,"lower_bound":1243.4714203179562,"upper_bound":2014.9491670677567},"point_estimate":1640.3627610486762,"standard_error":193.85125467420357},"slope":{"confidence_interval":{"confidence_level":0.95,"lower_bound":121924.94814973923,"upper_bound":122827.70206649491},"point_estimate":122374.40600463032,"standard_error":230.5790142393147},"std_dev":{"confidence_interval":{"confidence_level":0.95,"lower_bound":1473.0120848781098,"upper_bound":1965.7669078891713},"point_estimate":1733.9038887825504,"standard_error":125.66283502816586}}