{"mean":{"confidence_interval":{"confidence_level":0.95,"lower_bound":32054821.492125,"upper_bound":32314284.733749997},"point_estimate":32177742.15,"standard_error":66167.66618226889},"median":{"confidence_interval":{"confidence_level":0.95,"lower_bound":31944234.0,"upper_bound":32182023.5},"point_estimate":32060650.5,"standard_error":53687.85158332167},"median_abs_dev":{"confidence_interval":{"confidence_level":0.95,"lower_bound":380862.51268833876,"upper_bound":635415.2912691236},"point_estimate":472322.2518146038,"standard_error":61962.5771649385},"slope":null,"std_dev":{"confidence_interval":{"confidence_level":0.95,"lower_bound":479413.39982949925,"upper_bound":870542.4726837614},"point_estimate":665941.6144196964,"standard_error":104848.87155823047}}