{"mean":{"confidence_interval":{"confidence_level":0.95,"lower_bound":32188940.51625,"upper_bound":32397676.307},"point_estimate":32290477.955,"standard_error":53446.27024021022},"median":{"confidence_interval":{"confidence_level":0.95,"lower_bound":32111217.0,"upper_bound":32310550.0},"point_estimate":32208561.0,"standard_error":47688.05692215198},"median_abs_dev":{"confidence_interval":{"confidence_level":0.95,"lower_bound":318954.8643299194,"upper_bound":542060.0480765104},"point_estimate":403431.7614376545,"standard_error":57844.59652938695},"slope":null,"std_dev":{"confidence_interval":{"confidence_level":0.95,"lower_bound":429812.3481365429,"upper_bound":630582.4858369902},"point_estimate":535763.4283167315,"standard_error":51335.710048009234}}