{"mean":{"confidence_interval":{"confidence_level":0.95,"lower_bound":18465055.127333328,"upper_bound":18641680.358416658},"point_estimate":18547248.246666666,"standard_error":45083.72972549742},"median":{"confidence_interval":{"confidence_level":0.95,"lower_bound":18387558.333333332,"upper_bound":18545545.666666668},"point_estimate":18463696.5,"standard_error":40281.46099641915},"median_abs_dev":{"confidence_interval":{"confidence_level":0.95,"lower_bound":228197.09304869268,"upper_bound":410585.80051064305},"point_estimate":312194.2887574453,"standard_error":46768.92059695166},"slope":null,"std_dev":{"confidence_interval":{"confidence_level":0.95,"lower_bound":302297.7125018624,"upper_bound":611886.3464793741},"point_estimate":453688.5189916175,"standard_error":81625.63544201844}}