{"mean":{"confidence_interval":{"confidence_level":0.95,"lower_bound":494423275.887,"upper_bound":496672761.44449997},"point_estimate":495441983.76,"standard_error":576747.0025869207},"median":{"confidence_interval":{"confidence_level":0.95,"lower_bound":493119398.0,"upper_bound":495045707.5},"point_estimate":493676955.0,"standard_error":518104.53830970987},"median_abs_dev":{"confidence_interval":{"confidence_level":0.95,"lower_bound":2164870.983865857,"upper_bound":3842455.8343827724},"point_estimate":2947272.3484754562,"standard_error":444256.9912475886},"slope":null,"std_dev":{"confidence_interval":{"confidence_level":0.95,"lower_bound":2959763.786450091,"upper_bound":8132066.58544808},"point_estimate":5794341.371687176,"standard_error":1323540.199006893}}