{"mean":{"confidence_interval":{"confidence_level":0.95,"lower_bound":8342676.906541668,"upper_bound":8466540.015791668},"point_estimate":8397375.160000002,"standard_error":31913.08184573439},"median":{"confidence_interval":{"confidence_level":0.95,"lower_bound":8309393.833333333,"upper_bound":8364745.583333334},"point_estimate":8331619.5,"standard_error":13004.64197463386},"median_abs_dev":{"confidence_interval":{"confidence_level":0.95,"lower_bound":109320.49745917297,"upper_bound":171900.4245981574},"point_estimate":135822.83683866193,"standard_error":14589.633656868142},"slope":null,"std_dev":{"confidence_interval":{"confidence_level":0.95,"lower_bound":153812.62910790107,"upper_bound":476449.12375297653},"point_estimate":321367.3239440938,"standard_error":87135.71041203673}}