{"mean":{"confidence_interval":{"confidence_level":0.95,"lower_bound":1297200192.7202501,"upper_bound":1304844835.8325},"point_estimate":1300645166.59,"standard_error":1968052.2796364303},"median":{"confidence_interval":{"confidence_level":0.95,"lower_bound":1294933472.0,"upper_bound":1299103494.0},"point_estimate":1296209800.0,"standard_error":1087056.3762406907},"median_abs_dev":{"confidence_interval":{"confidence_level":0.95,"lower_bound":6309752.008679509,"upper_bound":9924047.901497915},"point_estimate":8058963.487824798,"standard_error":911327.9549490657},"slope":null,"std_dev":{"confidence_interval":{"confidence_level":0.95,"lower_bound":9473267.861016484,"upper_bound":27898824.66921977},"point_estimate":19794311.37752163,"standard_error":4716754.850385277}}