{"mean":{"confidence_interval":{"confidence_level":0.95,"lower_bound":226908.465834117,"upper_bound":228357.2816321876},"point_estimate":227603.41053558365,"standard_error":372.3439718889244},"median":{"confidence_interval":{"confidence_level":0.95,"lower_bound":226169.88176328503,"upper_bound":227674.7438235294},"point_estimate":227190.14131652663,"standard_error":366.3531752990989},"median_abs_dev":{"confidence_interval":{"confidence_level":0.95,"lower_bound":2498.2972868850393,"upper_bound":3875.085930762319},"point_estimate":3255.0256529349886,"standard_error":345.25050940647975},"slope":{"confidence_interval":{"confidence_level":0.95,"lower_bound":226499.7344594997,"upper_bound":227851.58536394918},"point_estimate":227169.19164651987,"standard_error":344.0315572220237},"std_dev":{"confidence_interval":{"confidence_level":0.95,"lower_bound":2752.747296419497,"upper_bound":4710.803033869652},"point_estimate":3763.2953860773396,"standard_error":503.4740576824674}}