{"mean":{"confidence_interval":{"confidence_level":0.95,"lower_bound":15502295.795187501,"upper_bound":15585027.737374999},"point_estimate":15543280.5875,"standard_error":21121.723048428263},"median":{"confidence_interval":{"confidence_level":0.95,"lower_bound":15449049.75,"upper_bound":15592785.25},"point_estimate":15516604.625,"standard_error":36900.27684021325},"median_abs_dev":{"confidence_interval":{"confidence_level":0.95,"lower_bound":184967.13414117703,"upper_bound":297396.3966451581},"point_estimate":241792.96723231673,"standard_error":29884.39466603578},"slope":null,"std_dev":{"confidence_interval":{"confidence_level":0.95,"lower_bound":184229.3343127592,"upper_bound":241001.0942863467},"point_estimate":212420.67116616396,"standard_error":14545.459213250535}}