{"mean":{"confidence_interval":{"confidence_level":0.95,"lower_bound":32191222.54375,"upper_bound":32481273.9925},"point_estimate":32328020.03,"standard_error":73848.74897729338},"median":{"confidence_interval":{"confidence_level":0.95,"lower_bound":32093446.75,"upper_bound":32303976.5},"point_estimate":32187711.5,"standard_error":48816.20940590958},"median_abs_dev":{"confidence_interval":{"confidence_level":0.95,"lower_bound":341772.0501260834,"upper_bound":658617.9808571935},"point_estimate":441985.66180318594,"standard_error":84943.73884744008},"slope":null,"std_dev":{"confidence_interval":{"confidence_level":0.95,"lower_bound":505484.22132132656,"upper_bound":978744.8432424602},"point_estimate":741972.5469180171,"standard_error":123996.02336998734}}