{"mean":{"confidence_interval":{"confidence_level":0.95,"lower_bound":30142567.669749998,"upper_bound":30288670.34},"point_estimate":30212029.12,"standard_error":37352.73768959598},"median":{"confidence_interval":{"confidence_level":0.95,"lower_bound":30072497.0,"upper_bound":30283039.25},"point_estimate":30188731.75,"standard_error":49842.15562214221},"median_abs_dev":{"confidence_interval":{"confidence_level":0.95,"lower_bound":250135.37195920944,"upper_bound":394255.20890057087},"point_estimate":323603.7604048848,"standard_error":35574.37526756461},"slope":null,"std_dev":{"confidence_interval":{"confidence_level":0.95,"lower_bound":273991.5362489862,"upper_bound":483792.5201328362},"point_estimate":374637.77997237124,"standard_error":55472.05841461747}}