{"mean":{"confidence_interval":{"confidence_level":0.95,"lower_bound":4396214.689208332,"upper_bound":4427978.711854166},"point_estimate":4411062.8933333345,"standard_error":8119.748230519176},"median":{"confidence_interval":{"confidence_level":0.95,"lower_bound":4376234.041666666,"upper_bound":4411229.5},"point_estimate":4385001.625,"standard_error":9644.371109517167},"median_abs_dev":{"confidence_interval":{"confidence_level":0.95,"lower_bound":37563.276483118076,"upper_bound":68503.5317838192},"point_estimate":50352.122081070906,"standard_error":8125.6598311504085},"slope":null,"std_dev":{"confidence_interval":{"confidence_level":0.95,"lower_bound":53516.85723850043,"upper_bound":107235.44239190884},"point_estimate":81607.9346131418,"standard_error":13926.134296424714}}