{"mean":{"confidence_interval":{"confidence_level":0.95,"lower_bound":1995262.720480768,"upper_bound":2016501.016826923},"point_estimate":2004617.301923077,"standard_error":5474.25804029389},"median":{"confidence_interval":{"confidence_level":0.95,"lower_bound":1988830.7307692308,"upper_bound":2000364.2692307692},"point_estimate":1993230.3846153845,"standard_error":2411.2562584584016},"median_abs_dev":{"confidence_interval":{"confidence_level":0.95,"lower_bound":18368.301723897457,"upper_bound":33385.27174190841},"point_estimate":23448.97225292845,"standard_error":3746.0944320353087},"slope":null,"std_dev":{"confidence_interval":{"confidence_level":0.95,"lower_bound":28217.239027134085,"upper_bound":82507.80874555743},"point_estimate":55251.011625608626,"standard_error":15906.402942488441}}