{"mean":{"confidence_interval":{"confidence_level":0.95,"lower_bound":13324490.1110625,"upper_bound":13404222.6035625},"point_estimate":13363777.395,"standard_error":20378.09402302969},"median":{"confidence_interval":{"confidence_level":0.95,"lower_bound":13320221.875,"upper_bound":13430872.75},"point_estimate":13357226.25,"standard_error":28624.239270404258},"median_abs_dev":{"confidence_interval":{"confidence_level":0.95,"lower_bound":154283.24508592486,"upper_bound":240617.82606130466},"point_estimate":200100.77337250113,"standard_error":21354.754942820528},"slope":null,"std_dev":{"confidence_interval":{"confidence_level":0.95,"lower_bound":171769.14156027327,"upper_bound":235430.46219203106},"point_estimate":204663.85911338765,"standard_error":16255.788876044151}}