{"mean":{"confidence_interval":{"confidence_level":0.95,"lower_bound":3903794.4948846158,"upper_bound":3926369.7777692303},"point_estimate":3914406.91,"standard_error":5764.614470310015},"median":{"confidence_interval":{"confidence_level":0.95,"lower_bound":3896605.6153846155,"upper_bound":3920508.615384615},"point_estimate":3910734.307692308,"standard_error":6146.14085889087},"median_abs_dev":{"confidence_interval":{"confidence_level":0.95,"lower_bound":36276.82638672666,"upper_bound":58421.623870500596},"point_estimate":46416.89783747348,"standard_error":5815.481092384139},"slope":null,"std_dev":{"confidence_interval":{"confidence_level":0.95,"lower_bound":39867.807170685264,"upper_bound":77947.23365307099},"point_estimate":57961.79447642239,"standard_error":10237.064236795024}}