{"mean":{"confidence_interval":{"confidence_level":0.95,"lower_bound":251938049.48,"upper_bound":253553750.39},"point_estimate":252698549.41,"standard_error":415731.48877937044},"median":{"confidence_interval":{"confidence_level":0.95,"lower_bound":251013121.0,"upper_bound":251884862.0},"point_estimate":251415412.0,"standard_error":230017.538057839},"median_abs_dev":{"confidence_interval":{"confidence_level":0.95,"lower_bound":1727429.1203320026,"upper_bound":3033914.749637246},"point_estimate":2507351.577785611,"standard_error":318239.3060944227},"slope":null,"std_dev":{"confidence_interval":{"confidence_level":0.95,"lower_bound":3090543.1845374163,"upper_bound":5073402.331065189},"point_estimate":4150517.7661290346,"standard_error":505755.45369447686}}