{"mean":{"confidence_interval":{"confidence_level":0.95,"lower_bound":3907977.1323461556,"upper_bound":3932040.1707692314},"point_estimate":3919593.535384617,"standard_error":6143.308130640061},"median":{"confidence_interval":{"confidence_level":0.95,"lower_bound":3905866.4615384615,"upper_bound":3931876.9615384615},"point_estimate":3920914.192307692,"standard_error":6134.839910520144},"median_abs_dev":{"confidence_interval":{"confidence_level":0.95,"lower_bound":35044.50069322062,"upper_bound":61865.44415436118},"point_estimate":45697.49471178462,"standard_error":6989.18031700832},"slope":null,"std_dev":{"confidence_interval":{"confidence_level":0.95,"lower_bound":46728.38405876315,"upper_bound":76780.98415046747},"point_estimate":61620.83451506791,"standard_error":7791.80301510303}}