{"mean":{"confidence_interval":{"confidence_level":0.95,"lower_bound":356922493.85,"upper_bound":360087234.87},"point_estimate":358357568.52,"standard_error":806090.0814539228},"median":{"confidence_interval":{"confidence_level":0.95,"lower_bound":355989462.0,"upper_bound":357369935.0},"point_estimate":356637554.5,"standard_error":371562.4593649924},"median_abs_dev":{"confidence_interval":{"confidence_level":0.95,"lower_bound":2049137.7473205328,"upper_bound":3193611.5232020617},"point_estimate":2706292.772653699,"standard_error":294248.1484875096},"slope":null,"std_dev":{"confidence_interval":{"confidence_level":0.95,"lower_bound":4318904.730389555,"upper_bound":10980179.852556653},"point_estimate":8065430.3717063945,"standard_error":1699848.2988961055}}