{"mean":{"confidence_interval":{"confidence_level":0.95,"lower_bound":1197306338.13,"upper_bound":1204804933.7997499},"point_estimate":1200544145.54,"standard_error":1935312.5306192522},"median":{"confidence_interval":{"confidence_level":0.95,"lower_bound":1194983957.0,"upper_bound":1198548595.0},"point_estimate":1196693827.5,"standard_error":785556.4768183529},"median_abs_dev":{"confidence_interval":{"confidence_level":0.95,"lower_bound":4457366.397365928,"upper_bound":7668649.418836751},"point_estimate":5872563.669741154,"standard_error":780902.951485591},"slope":null,"std_dev":{"confidence_interval":{"confidence_level":0.95,"lower_bound":6760723.427499294,"upper_bound":29221958.359541323},"point_estimate":19471684.474025514,"standard_error":6087979.208499736}}