{"mean":{"confidence_interval":{"confidence_level":0.95,"lower_bound":5963706.517083334,"upper_bound":6010917.912666667},"point_estimate":5986370.925555557,"standard_error":12090.213595714531},"median":{"confidence_interval":{"confidence_level":0.95,"lower_bound":5942008.222222222,"upper_bound":5984931.111111111},"point_estimate":5953889.555555556,"standard_error":10531.71958449928},"median_abs_dev":{"confidence_interval":{"confidence_level":0.95,"lower_bound":70408.08176917379,"upper_bound":112307.52457280969},"point_estimate":90369.57512895204,"standard_error":10552.206777832846},"slope":null,"std_dev":{"confidence_interval":{"confidence_level":0.95,"lower_bound":89633.09752059629,"upper_bound":151451.00671103905},"point_estimate":121382.3405644058,"standard_error":15903.91154599942}}