{"mean":{"confidence_interval":{"confidence_level":0.95,"lower_bound":3418440.679333332,"upper_bound":3517160.2298499993},"point_estimate":3465895.4546666658,"standard_error":25216.989098600825},"median":{"confidence_interval":{"confidence_level":0.95,"lower_bound":3319997.6,"upper_bound":3354360.8},"point_estimate":3329757.1,"standard_error":8893.944094636496},"median_abs_dev":{"confidence_interval":{"confidence_level":0.95,"lower_bound":41460.661163925666,"upper_bound":92024.28848624228},"point_estimate":55686.4550113678,"standard_error":12576.009913295284},"slope":null,"std_dev":{"confidence_interval":{"confidence_level":0.95,"lower_bound":203516.7566421798,"upper_bound":300159.6302533476},"point_estimate":253251.8190366563,"standard_error":24823.140499725734}}