{"mean":{"confidence_interval":{"confidence_level":0.95,"lower_bound":32097684.954125002,"upper_bound":33425476.22675},"point_estimate":32737524.2,"standard_error":338672.40168819024},"median":{"confidence_interval":{"confidence_level":0.95,"lower_bound":31033525.0,"upper_bound":31352839.5},"point_estimate":31182142.0,"standard_error":90310.07186528796},"median_abs_dev":{"confidence_interval":{"confidence_level":0.95,"lower_bound":611871.2330371141,"upper_bound":1074240.0499284267},"point_estimate":893750.1823827624,"standard_error":123257.32756064669},"slope":null,"std_dev":{"confidence_interval":{"confidence_level":0.95,"lower_bound":2722879.1159593235,"upper_bound":3973048.8859478454},"point_estimate":3408100.0072024297,"standard_error":318733.8407252628}}