{"mean":{"confidence_interval":{"confidence_level":0.95,"lower_bound":4409214.4216249995,"upper_bound":4469064.155958334},"point_estimate":4437620.705,"standard_error":15285.391269513555},"median":{"confidence_interval":{"confidence_level":0.95,"lower_bound":4381826.666666667,"upper_bound":4425656.916666667},"point_estimate":4403870.958333334,"standard_error":10910.22316550711},"median_abs_dev":{"confidence_interval":{"confidence_level":0.95,"lower_bound":76251.7536837603,"upper_bound":143878.97622063803},"point_estimate":107829.00188565163,"standard_error":17273.16339874486},"slope":null,"std_dev":{"confidence_interval":{"confidence_level":0.95,"lower_bound":108772.64097130248,"upper_bound":194914.43239301958},"point_estimate":154011.46381483777,"standard_error":22039.726331442223}}