{"mean":{"confidence_interval":{"confidence_level":0.95,"lower_bound":4325901.722291668,"upper_bound":4399064.267812498},"point_estimate":4358045.249166666,"standard_error":18749.350560208273},"median":{"confidence_interval":{"confidence_level":0.95,"lower_bound":4289134.833333333,"upper_bound":4334831.5},"point_estimate":4316106.875,"standard_error":12682.727914587944},"median_abs_dev":{"confidence_interval":{"confidence_level":0.95,"lower_bound":63891.34859070182,"upper_bound":119270.10233253332},"point_estimate":94698.23166877055,"standard_error":14714.051540342325},"slope":null,"std_dev":{"confidence_interval":{"confidence_level":0.95,"lower_bound":101429.10926031123,"upper_bound":282996.8933914172},"point_estimate":189338.81533978874,"standard_error":55172.978412296434}}