{"mean":{"confidence_interval":{"confidence_level":0.95,"lower_bound":226845230.59625,"upper_bound":227821258.70874998},"point_estimate":227316977.36,"standard_error":249397.5868942845},"median":{"confidence_interval":{"confidence_level":0.95,"lower_bound":226332522.5,"upper_bound":227116496.0},"point_estimate":226821080.5,"standard_error":190992.63934548575},"median_abs_dev":{"confidence_interval":{"confidence_level":0.95,"lower_bound":1396609.026945234,"upper_bound":2394148.3980953693},"point_estimate":1993647.7368056774,"standard_error":253951.0051384346},"slope":null,"std_dev":{"confidence_interval":{"confidence_level":0.95,"lower_bound":1905670.9011272597,"upper_bound":3043059.481216015},"point_estimate":2508874.1511637736,"standard_error":290363.7144686617}}