{"mean":{"confidence_interval":{"confidence_level":0.95,"lower_bound":3908220.750903845,"upper_bound":3929307.3192499997},"point_estimate":3918343.8561538444,"standard_error":5379.230686614456},"median":{"confidence_interval":{"confidence_level":0.95,"lower_bound":3901354.230769231,"upper_bound":3926819.576923077},"point_estimate":3911673.423076923,"standard_error":6193.768066859698},"median_abs_dev":{"confidence_interval":{"confidence_level":0.95,"lower_bound":39591.5777894162,"upper_bound":59372.93984591961},"point_estimate":49169.45873476005,"standard_error":5002.434252467703},"slope":null,"std_dev":{"confidence_interval":{"confidence_level":0.95,"lower_bound":40872.46797898309,"upper_bound":67834.8863304354},"point_estimate":53770.56979561255,"standard_error":7092.876957212764}}