{"mean":{"confidence_interval":{"confidence_level":0.95,"lower_bound":1146404074.7385,"upper_bound":1152065219.8075001},"point_estimate":1148924097.57,"standard_error":1449768.2416090178},"median":{"confidence_interval":{"confidence_level":0.95,"lower_bound":1144383663.0,"upper_bound":1147045589.0},"point_estimate":1145449754.0,"standard_error":748469.6419031307},"median_abs_dev":{"confidence_interval":{"confidence_level":0.95,"lower_bound":4670725.135678053,"upper_bound":7688688.592198491},"point_estimate":6000245.920774341,"standard_error":808345.4724234698},"slope":null,"std_dev":{"confidence_interval":{"confidence_level":0.95,"lower_bound":7046188.439214135,"upper_bound":21467350.854597233},"point_estimate":14680286.141762022,"standard_error":3746082.6930818805}}