{"mean":{"confidence_interval":{"confidence_level":0.95,"lower_bound":16788553.555833332,"upper_bound":16996944.739999995},"point_estimate":16879827.96666667,"standard_error":53732.12752433927},"median":{"confidence_interval":{"confidence_level":0.95,"lower_bound":16681738.666666666,"upper_bound":16779526.833333332},"point_estimate":16719659.5,"standard_error":29107.08409664507},"median_abs_dev":{"confidence_interval":{"confidence_level":0.95,"lower_bound":122574.44702386948,"upper_bound":226219.05758380797},"point_estimate":169528.63529026372,"standard_error":30125.228679165073},"slope":null,"std_dev":{"confidence_interval":{"confidence_level":0.95,"lower_bound":260874.35273977352,"upper_bound":815794.7305594307},"point_estimate":540370.0378755444,"standard_error":162062.07603073574}}