{"mean":{"confidence_interval":{"confidence_level":0.95,"lower_bound":5416124.256800001,"upper_bound":5458169.901299999},"point_estimate":5435522.217,"standard_error":10729.33313530885},"median":{"confidence_interval":{"confidence_level":0.95,"lower_bound":5402733.2,"upper_bound":5447214.0},"point_estimate":5416019.9,"standard_error":10029.482078327525},"median_abs_dev":{"confidence_interval":{"confidence_level":0.95,"lower_bound":61905.976726949295,"upper_bound":96708.47291158073},"point_estimate":83272.30316162096,"standard_error":9028.856503587618},"slope":null,"std_dev":{"confidence_interval":{"confidence_level":0.95,"lower_bound":68360.54749711801,"upper_bound":151393.90146634076},"point_estimate":107825.60297500425,"standard_error":23440.844760645206}}