{"mean":{"confidence_interval":{"confidence_level":0.95,"lower_bound":13657213.545,"upper_bound":13739256.1725},"point_estimate":13696694.5,"standard_error":20774.841733610447},"median":{"confidence_interval":{"confidence_level":0.95,"lower_bound":13620243.625,"upper_bound":13718547.75},"point_estimate":13668608.0,"standard_error":23777.014709304614},"median_abs_dev":{"confidence_interval":{"confidence_level":0.95,"lower_bound":138956.1265580356,"upper_bound":210895.76910585165},"point_estimate":183964.7112339735,"standard_error":18421.597335390295},"slope":null,"std_dev":{"confidence_interval":{"confidence_level":0.95,"lower_bound":158961.54313339118,"upper_bound":257385.48882356196},"point_estimate":209149.01340331382,"standard_error":25411.875663043047}}