{"mean":{"confidence_interval":{"confidence_level":0.95,"lower_bound":400428733.10975,"upper_bound":401897787.95575005},"point_estimate":401152760.29,"standard_error":375039.16982146236},"median":{"confidence_interval":{"confidence_level":0.95,"lower_bound":399724494.5,"upper_bound":401197064.0},"point_estimate":400259579.5,"standard_error":394332.33726570714},"median_abs_dev":{"confidence_interval":{"confidence_level":0.95,"lower_bound":2384612.3150646687,"upper_bound":4808188.840037584},"point_estimate":3759515.485355258,"standard_error":614273.4475843407},"slope":null,"std_dev":{"confidence_interval":{"confidence_level":0.95,"lower_bound":3267535.287316395,"upper_bound":4235800.944279544},"point_estimate":3789602.6386546637,"standard_error":247678.5552533501}}