{"mean":{"confidence_interval":{"confidence_level":0.95,"lower_bound":63957722.31275,"upper_bound":64417352.76575},"point_estimate":64171950.23,"standard_error":117344.28805884806},"median":{"confidence_interval":{"confidence_level":0.95,"lower_bound":63790558.5,"upper_bound":64266830.0},"point_estimate":63939007.5,"standard_error":111841.52741402964},"median_abs_dev":{"confidence_interval":{"confidence_level":0.95,"lower_bound":712956.381842494,"upper_bound":1040782.216322422},"point_estimate":875312.9397600889,"standard_error":83106.07773901572},"slope":null,"std_dev":{"confidence_interval":{"confidence_level":0.95,"lower_bound":752394.6420640869,"upper_bound":1591779.0028224303},"point_estimate":1181585.098027409,"standard_error":219298.44358730494}}