{"mean":{"confidence_interval":{"confidence_level":0.95,"lower_bound":30203361.45525,"upper_bound":30431462.818875},"point_estimate":30312490.56,"standard_error":58134.7006755038},"median":{"confidence_interval":{"confidence_level":0.95,"lower_bound":30069937.25,"upper_bound":30334746.0},"point_estimate":30200429.75,"standard_error":65854.12200339511},"median_abs_dev":{"confidence_interval":{"confidence_level":0.95,"lower_bound":299819.5209771395,"upper_bound":488290.2241811156},"point_estimate":372995.46657800674,"standard_error":47985.174495159335},"slope":null,"std_dev":{"confidence_interval":{"confidence_level":0.95,"lower_bound":441617.6870265378,"upper_bound":712749.3190562765},"point_estimate":585047.7791750802,"standard_error":69491.7502022962}}