{"mean":{"confidence_interval":{"confidence_level":0.95,"lower_bound":30920487.834,"upper_bound":31672345.04075},"point_estimate":31286040.64,"standard_error":191853.31919321886},"median":{"confidence_interval":{"confidence_level":0.95,"lower_bound":30210282.25,"upper_bound":30564692.0},"point_estimate":30340413.5,"standard_error":89364.76078012114},"median_abs_dev":{"confidence_interval":{"confidence_level":0.95,"lower_bound":438263.96521925926,"upper_bound":904113.1670162826},"point_estimate":615845.3422665596,"standard_error":119220.76957507333},"slope":null,"std_dev":{"confidence_interval":{"confidence_level":0.95,"lower_bound":1599038.0257040942,"upper_bound":2191526.8311975845},"point_estimate":1930439.40517471,"standard_error":151084.8881404944}}