{"mean":{"confidence_interval":{"confidence_level":0.95,"lower_bound":29813133.764125,"upper_bound":30235827.426},"point_estimate":30001113.32,"standard_error":109052.53296288052},"median":{"confidence_interval":{"confidence_level":0.95,"lower_bound":29695906.25,"upper_bound":29869258.0},"point_estimate":29777193.75,"standard_error":48268.94120156637},"median_abs_dev":{"confidence_interval":{"confidence_level":0.95,"lower_bound":356990.05856215954,"upper_bound":654519.7038799524},"point_estimate":468239.171487093,"standard_error":75943.01475481129},"slope":null,"std_dev":{"confidence_interval":{"confidence_level":0.95,"lower_bound":502481.1957930978,"upper_bound":1607665.151433793},"point_estimate":1097201.3318688902,"standard_error":295034.8884942134}}