{"mean":{"confidence_interval":{"confidence_level":0.95,"lower_bound":53229042.0475,"upper_bound":53614298.64},"point_estimate":53396606.94,"standard_error":98559.31793637366},"median":{"confidence_interval":{"confidence_level":0.95,"lower_bound":53109661.0,"upper_bound":53288686.0},"point_estimate":53192623.0,"standard_error":43267.05079856335},"median_abs_dev":{"confidence_interval":{"confidence_level":0.95,"lower_bound":310575.0424861908,"upper_bound":572215.3902411461},"point_estimate":479836.0684812069,"standard_error":69013.03355916672},"slope":null,"std_dev":{"confidence_interval":{"confidence_level":0.95,"lower_bound":455291.52212309936,"upper_bound":1489113.6181423415},"point_estimate":986354.5627458578,"standard_error":285125.4984257408}}