{"mean":{"confidence_interval":{"confidence_level":0.95,"lower_bound":17935387.294916663,"upper_bound":18047149.364750016},"point_estimate":17988495.096666664,"standard_error":28555.30179779003},"median":{"confidence_interval":{"confidence_level":0.95,"lower_bound":17877214.666666668,"upper_bound":18020660.0},"point_estimate":17918464.5,"standard_error":38358.517450266365},"median_abs_dev":{"confidence_interval":{"confidence_level":0.95,"lower_bound":165664.23845887184,"upper_bound":274075.407934187},"point_estimate":220659.06058251858,"standard_error":27944.077803347787},"slope":null,"std_dev":{"confidence_interval":{"confidence_level":0.95,"lower_bound":206937.26992404068,"upper_bound":366126.83656733716},"point_estimate":287062.7627975052,"standard_error":41398.28606645663}}