{"mean":{"confidence_interval":{"confidence_level":0.95,"lower_bound":4062.261867621906,"upper_bound":4118.771844403983},"point_estimate":4088.202728773754,"standard_error":14.465069822190916},"median":{"confidence_interval":{"confidence_level":0.95,"lower_bound":4046.3435511856565,"upper_bound":4061.299089068826},"point_estimate":4053.6484691295545,"standard_error":3.9467366743560732},"median_abs_dev":{"confidence_interval":{"confidence_level":0.95,"lower_bound":34.96848426447562,"upper_bound":65.75535251682017},"point_estimate":44.73092512127497,"standard_error":7.963402459163893},"slope":{"confidence_interval":{"confidence_level":0.95,"lower_bound":4044.2217034349164,"upper_bound":4097.148435636882},"point_estimate":4068.1478682747725,"standard_error":13.560232127573494},"std_dev":{"confidence_interval":{"confidence_level":0.95,"lower_bound":82.96030724120915,"upper_bound":196.43375723515405},"point_estimate":145.51021342056976,"standard_error":28.83128284036564}}