{"mean":{"confidence_interval":{"confidence_level":0.95,"lower_bound":3388006.5179333333,"upper_bound":3409483.4653833327},"point_estimate":3398124.3979999996,"standard_error":5497.9069277651215},"median":{"confidence_interval":{"confidence_level":0.95,"lower_bound":3376639.7333333334,"upper_bound":3403221.666666667},"point_estimate":3386015.966666667,"standard_error":7096.1020659546975},"median_abs_dev":{"confidence_interval":{"confidence_level":0.95,"lower_bound":35510.805851057085,"upper_bound":53337.91781306269},"point_estimate":45744.287847876345,"standard_error":4424.720805688707},"slope":null,"std_dev":{"confidence_interval":{"confidence_level":0.95,"lower_bound":38602.187281737075,"upper_bound":74282.04735061953},"point_estimate":55487.98376712507,"standard_error":9722.726610023044}}