{"mean":{"confidence_interval":{"confidence_level":0.95,"lower_bound":36185213.60025,"upper_bound":36436299.0185},"point_estimate":36303580.3,"standard_error":64375.23998937249},"median":{"confidence_interval":{"confidence_level":0.95,"lower_bound":36022566.5,"upper_bound":36214774.0},"point_estimate":36114706.5,"standard_error":54840.3129335934},"median_abs_dev":{"confidence_interval":{"confidence_level":0.95,"lower_bound":236188.55400681496,"upper_bound":427181.7991372559},"point_estimate":327572.6805344224,"standard_error":50643.5627577707},"slope":null,"std_dev":{"confidence_interval":{"confidence_level":0.95,"lower_bound":450756.0833277128,"upper_bound":817203.0632267651},"point_estimate":650878.1251814639,"standard_error":93403.980498531}}