{"mean":{"confidence_interval":{"confidence_level":0.95,"lower_bound":74899220.9555,"upper_bound":75785646.87375},"point_estimate":75318272.54,"standard_error":226860.58007869296},"median":{"confidence_interval":{"confidence_level":0.95,"lower_bound":74312912.0,"upper_bound":74798658.5},"point_estimate":74553685.0,"standard_error":128533.54863899677},"median_abs_dev":{"confidence_interval":{"confidence_level":0.95,"lower_bound":682557.1519821882,"upper_bound":1163930.6766360998},"point_estimate":867405.4928004742,"standard_error":118254.82213388958},"slope":null,"std_dev":{"confidence_interval":{"confidence_level":0.95,"lower_bound":1715980.555503543,"upper_bound":2717598.137005519},"point_estimate":2268094.634265468,"standard_error":255763.87981224808}}