{"mean":{"confidence_interval":{"confidence_level":0.95,"lower_bound":4010982.3088076934,"upper_bound":4057904.8849423076},"point_estimate":4031805.1676923092,"standard_error":12019.695912350182},"median":{"confidence_interval":{"confidence_level":0.95,"lower_bound":3993901.192307692,"upper_bound":4034868.230769231},"point_estimate":4016369.692307692,"standard_error":9255.370377626075},"median_abs_dev":{"confidence_interval":{"confidence_level":0.95,"lower_bound":57655.29075333734,"upper_bound":94315.15967345536},"point_estimate":76854.73232017121,"standard_error":9371.843189931014},"slope":null,"std_dev":{"confidence_interval":{"confidence_level":0.95,"lower_bound":68516.59935163805,"upper_bound":178329.37789179015},"point_estimate":120599.31782353764,"standard_error":33650.1176751438}}