{"mean":{"confidence_interval":{"confidence_level":0.95,"lower_bound":398411999.8365,"upper_bound":399860693.623},"point_estimate":399131388.87,"standard_error":369821.1645489562},"median":{"confidence_interval":{"confidence_level":0.95,"lower_bound":397978456.0,"upper_bound":399980501.5},"point_estimate":399203023.0,"standard_error":478015.47381740686},"median_abs_dev":{"confidence_interval":{"confidence_level":0.95,"lower_bound":3019019.0677016973,"upper_bound":4965397.810846567},"point_estimate":4256617.913129926,"standard_error":512589.7113393514},"slope":null,"std_dev":{"confidence_interval":{"confidence_level":0.95,"lower_bound":3254140.614707749,"upper_bound":4159459.242029448},"point_estimate":3728520.127784707,"standard_error":231444.58923933134}}