{"mean":{"confidence_interval":{"confidence_level":0.95,"lower_bound":4688286.149772729,"upper_bound":4745711.266568181},"point_estimate":4713730.120909091,"standard_error":14745.985495651677},"median":{"confidence_interval":{"confidence_level":0.95,"lower_bound":4662886.909090909,"upper_bound":4706699.5},"point_estimate":4689568.954545455,"standard_error":12179.242395985522},"median_abs_dev":{"confidence_interval":{"confidence_level":0.95,"lower_bound":56125.03503994533,"upper_bound":83800.72537905867},"point_estimate":69372.73971384253,"standard_error":7139.963625884492},"slope":null,"std_dev":{"confidence_interval":{"confidence_level":0.95,"lower_bound":74123.97171790604,"upper_bound":219427.53975737098},"point_estimate":147880.208656263,"standard_error":39774.11841622648}}