{"mean":{"confidence_interval":{"confidence_level":0.95,"lower_bound":436328682.6925,"upper_bound":438182440.948},"point_estimate":437225030.59,"standard_error":471618.5387326519},"median":{"confidence_interval":{"confidence_level":0.95,"lower_bound":434983649.0,"upper_bound":436930058.0},"point_estimate":435644192.5,"standard_error":496815.3554746592},"median_abs_dev":{"confidence_interval":{"confidence_level":0.95,"lower_bound":2256109.4449460506,"upper_bound":4184811.8899047375},"point_estimate":3117829.1668474674,"standard_error":492760.8718695194},"slope":null,"std_dev":{"confidence_interval":{"confidence_level":0.95,"lower_bound":3824956.3298731595,"upper_bound":5606654.202367259},"point_estimate":4770119.582057419,"standard_error":455316.57484531414}}