{"mean":{"confidence_interval":{"confidence_level":0.95,"lower_bound":27122655.2665,"upper_bound":27362251.373125},"point_estimate":27231259.045,"standard_error":61703.22192014297},"median":{"confidence_interval":{"confidence_level":0.95,"lower_bound":27038113.25,"upper_bound":27213730.25},"point_estimate":27104594.75,"standard_error":44217.12038602909},"median_abs_dev":{"confidence_interval":{"confidence_level":0.95,"lower_bound":242206.42729997635,"upper_bound":369462.06019073725},"point_estimate":308645.4386204481,"standard_error":32742.284155440237},"slope":null,"std_dev":{"confidence_interval":{"confidence_level":0.95,"lower_bound":333431.1918577355,"upper_bound":863982.7402462859},"point_estimate":617647.9207300892,"standard_error":137794.6570271556}}