{"mean":{"confidence_interval":{"confidence_level":0.95,"lower_bound":1209900043.5695002,"upper_bound":1217787776.75775},"point_estimate":1213322752.81,"standard_error":2041302.8352677536},"median":{"confidence_interval":{"confidence_level":0.95,"lower_bound":1208175511.0,"upper_bound":1212402564.0},"point_estimate":1210187607.5,"standard_error":1176059.3744880902},"median_abs_dev":{"confidence_interval":{"confidence_level":0.95,"lower_bound":6514136.569350958,"upper_bound":10590862.473374605},"point_estimate":8490195.4813689,"standard_error":1069367.0938399595},"slope":null,"std_dev":{"confidence_interval":{"confidence_level":0.95,"lower_bound":7642862.194394922,"upper_bound":30984937.93584766},"point_estimate":20506355.50659844,"standard_error":6285854.408611062}}