{"mean":{"confidence_interval":{"confidence_level":0.95,"lower_bound":4040863.1263461537,"upper_bound":4083115.5175769227},"point_estimate":4059350.4376923074,"standard_error":10848.701116887596},"median":{"confidence_interval":{"confidence_level":0.95,"lower_bound":4030626.4615384615,"upper_bound":4055624.230769231},"point_estimate":4039711.6923076925,"standard_error":5355.448837198016},"median_abs_dev":{"confidence_interval":{"confidence_level":0.95,"lower_bound":36557.039207328635,"upper_bound":72184.48538000735},"point_estimate":52236.50189569334,"standard_error":9020.400979352788},"slope":null,"std_dev":{"confidence_interval":{"confidence_level":0.95,"lower_bound":53830.09203244337,"upper_bound":165831.03749212617},"point_estimate":109513.92519033945,"standard_error":32835.81452608541}}