{"mean":{"confidence_interval":{"confidence_level":0.95,"lower_bound":30762871.947625,"upper_bound":31040661.075125},"point_estimate":30893398.155,"standard_error":70798.80726662392},"median":{"confidence_interval":{"confidence_level":0.95,"lower_bound":30649050.5,"upper_bound":30901833.5},"point_estimate":30728507.75,"standard_error":66266.56508298949},"median_abs_dev":{"confidence_interval":{"confidence_level":0.95,"lower_bound":375702.69412994385,"upper_bound":612140.1674060888},"point_estimate":488254.2711317539,"standard_error":58682.2729112293},"slope":null,"std_dev":{"confidence_interval":{"confidence_level":0.95,"lower_bound":477607.3790486818,"upper_bound":934699.1962833104},"point_estimate":709188.7642265707,"standard_error":119037.68160634779}}