{"mean":{"confidence_interval":{"confidence_level":0.95,"lower_bound":80227949.27725,"upper_bound":80827021.634},"point_estimate":80504893.52,"standard_error":152446.4711287249},"median":{"confidence_interval":{"confidence_level":0.95,"lower_bound":79956748.0,"upper_bound":80417039.0},"point_estimate":80203883.0,"standard_error":115106.85947096867},"median_abs_dev":{"confidence_interval":{"confidence_level":0.95,"lower_bound":750914.6476686001,"upper_bound":1204460.6974415476},"point_estimate":1002781.6963970661,"standard_error":115988.29579969222},"slope":null,"std_dev":{"confidence_interval":{"confidence_level":0.95,"lower_bound":983802.1039149928,"upper_bound":2126519.434708928},"point_estimate":1535432.302160676,"standard_error":316743.2044253582}}