{"mean":{"confidence_interval":{"confidence_level":0.95,"lower_bound":101967155.67575,"upper_bound":102683476.81525001},"point_estimate":102304682.09,"standard_error":182438.744963982},"median":{"confidence_interval":{"confidence_level":0.95,"lower_bound":101649749.0,"upper_bound":102099805.0},"point_estimate":101912781.5,"standard_error":109789.81345503833},"median_abs_dev":{"confidence_interval":{"confidence_level":0.95,"lower_bound":692637.8681132208,"upper_bound":1437431.8241804838},"point_estimate":1051814.2427265644,"standard_error":203178.28134685024},"slope":null,"std_dev":{"confidence_interval":{"confidence_level":0.95,"lower_bound":1291126.2799437155,"upper_bound":2309375.354230949},"point_estimate":1832666.9462953873,"standard_error":260096.45969026882}}