{"mean":{"confidence_interval":{"confidence_level":0.95,"lower_bound":1443312549.8009999,"upper_bound":1451235619.2845001},"point_estimate":1446821488.13,"standard_error":2036849.6306762705},"median":{"confidence_interval":{"confidence_level":0.95,"lower_bound":1440025140.0,"upper_bound":1446597030.0},"point_estimate":1442883938.0,"standard_error":1543405.6150510344},"median_abs_dev":{"confidence_interval":{"confidence_level":0.95,"lower_bound":8082925.268599391,"upper_bound":13562253.016921878},"point_estimate":10348287.61998117,"standard_error":1382584.0235725946},"slope":null,"std_dev":{"confidence_interval":{"confidence_level":0.95,"lower_bound":9730036.07020544,"upper_bound":30683159.578034084},"point_estimate":20564546.331862353,"standard_error":5686391.853714754}}