{"mean":{"confidence_interval":{"confidence_level":0.95,"lower_bound":1209695605.338,"upper_bound":1219098546.57},"point_estimate":1213827591.28,"standard_error":2412281.126894937},"median":{"confidence_interval":{"confidence_level":0.95,"lower_bound":1206155935.0,"upper_bound":1210989181.5},"point_estimate":1208315290.5,"standard_error":1222465.1519411409},"median_abs_dev":{"confidence_interval":{"confidence_level":0.95,"lower_bound":6426271.76451087,"upper_bound":11182701.556867361},"point_estimate":8448654.512706399,"standard_error":1225744.7688810762},"slope":null,"std_dev":{"confidence_interval":{"confidence_level":0.95,"lower_bound":10609072.195968274,"upper_bound":35417839.41982965},"point_estimate":24172165.67891493,"standard_error":6463980.128480713}}