{"mean":{"confidence_interval":{"confidence_level":0.95,"lower_bound":1415321849.0095,"upper_bound":1424623316.37575},"point_estimate":1419529095.15,"standard_error":2396485.7812294825},"median":{"confidence_interval":{"confidence_level":0.95,"lower_bound":1412018246.9000006,"upper_bound":1416761077.0},"point_estimate":1414138632.0,"standard_error":1172137.9973857093},"median_abs_dev":{"confidence_interval":{"confidence_level":0.95,"lower_bound":6799375.460886955,"upper_bound":13597366.914698482},"point_estimate":10017628.536951542,"standard_error":1591799.9804890156},"slope":null,"std_dev":{"confidence_interval":{"confidence_level":0.95,"lower_bound":11728882.78600661,"upper_bound":33703286.08492283},"point_estimate":24011557.77449633,"standard_error":5611984.106807744}}