{"mean":{"confidence_interval":{"confidence_level":0.95,"lower_bound":1212670376.66,"upper_bound":1219903497.31},"point_estimate":1215868328.35,"standard_error":1857485.851150693},"median":{"confidence_interval":{"confidence_level":0.95,"lower_bound":1210261645.0,"upper_bound":1213598035.5},"point_estimate":1211772107.5,"standard_error":943367.5888816582},"median_abs_dev":{"confidence_interval":{"confidence_level":0.95,"lower_bound":5501867.715722322,"upper_bound":8917485.24158299},"point_estimate":7174106.310734153,"standard_error":876955.057555392},"slope":null,"std_dev":{"confidence_interval":{"confidence_level":0.95,"lower_bound":7777595.466561633,"upper_bound":27490639.398528494},"point_estimate":18643457.573104374,"standard_error":5057691.27127625}}