{"mean":{"confidence_interval":{"confidence_level":0.95,"lower_bound":3709653.392214284,"upper_bound":3751898.3216785714},"point_estimate":3729043.246428571,"standard_error":10823.38263185713},"median":{"confidence_interval":{"confidence_level":0.95,"lower_bound":3691305.8571428573,"upper_bound":3722001.9285714286},"point_estimate":3704612.75,"standard_error":7257.796741810541},"median_abs_dev":{"confidence_interval":{"confidence_level":0.95,"lower_bound":42337.78672335367,"upper_bound":67883.5931948255},"point_estimate":56386.98349893093,"standard_error":6571.695295974625},"slope":null,"std_dev":{"confidence_interval":{"confidence_level":0.95,"lower_bound":57589.169589602265,"upper_bound":150763.83513125769},"point_estimate":108828.26354500717,"standard_error":23541.405597710742}}