{"mean":{"confidence_interval":{"confidence_level":0.95,"lower_bound":1485887515.7317498,"upper_bound":1509226762.2715},"point_estimate":1497084016.58,"standard_error":5932109.596185851},"median":{"confidence_interval":{"confidence_level":0.95,"lower_bound":1466282268.5,"upper_bound":1476315836.0},"point_estimate":1469741986.0,"standard_error":2578736.403918376},"median_abs_dev":{"confidence_interval":{"confidence_level":0.95,"lower_bound":11270563.396507502,"upper_bound":23471969.773489237},"point_estimate":15411955.122283101,"standard_error":2963968.738721098},"slope":null,"std_dev":{"confidence_interval":{"confidence_level":0.95,"lower_bound":47051023.122630276,"upper_bound":70583176.00685759},"point_estimate":59668574.79144731,"standard_error":5995657.913371964}}